1,Judie,Dicey,jdicey0@facebook.com,Female,45.142.184.134
2,Any,Frany,afrany1@geocities.jp,Male,130.254.200.5
3,Colette,Quickfall,cquickfall2@arstechnica.com,Female,135.44.150.240
4,Burg,Aird,baird3@gnu.org,Male,64.196.219.149
5,Marci,Crewther,mcrewther4@mapquest.com,Female,245.147.191.188
6,Joelie,Garroch,jgarroch5@mozilla.org,Female,207.80.169.24
7,Valida,Birckmann,vbirckmann6@cbsnews.com,Female,253.232.163.28
8,Marcille,Marke,mmarke7@hatena.ne.jp,Female,145.232.241.84
9,Tisha,Atwater,tatwater8@omniture.com,Female,16.241.235.238
10,Donalt,Champion,dchampion9@clickbank.net,Male,172.124.58.90
11,Timmie,Aikman,taikmana@google.co.jp,Male,137.120.28.22
12,Alyss,Heliet,ahelietb@hc360.com,Female,236.32.222.18
13,Catlin,Wynett,cwynettc@nasa.gov,Female,193.27.78.205
14,Lucius,Bailiss,lbailissd@fema.gov,Male,205.180.84.88
15,Lurline,Crellim,lcrellime@cpanel.net,Female,233.246.93.178
16,Brandice,Muckle,bmucklef@home.pl,Female,20.169.213.7
17,Duncan,Goodfellow,dgoodfellowg@sun.com,Male,46.80.249.91
18,Glenn,Cleeves,gcleevesh@marriott.com,Male,81.162.124.156
19,Rob,Baal,rbaali@europa.eu,Male,243.36.131.7
20,Stacey,Redmain,sredmainj@flickr.com,Female,157.68.187.108
21,Ozzie,Whatling,owhatlingk@hibu.com,Male,110.156.114.227
22,Michale,Bakhrushkin,mbakhrushkinl@netvibes.com,Male,53.26.236.170
23,Eadie,Bedward,ebedwardm@guardian.co.uk,Female,178.247.67.63
24,Stefa,Corwin,scorwinn@forbes.com,Female,132.41.36.180
25,Fidelity,Le Ball,fleballo@tamu.edu,Female,21.191.119.152
26,Bianka,McQuillin,bmcquillinp@zimbio.com,Female,191.47.38.133
27,Curtis,Robinet,crobinetq@vinaora.com,Male,0.14.156.2
28,Ofilia,St Quenin,ostqueninr@google.ru,Female,97.137.40.21
29,Davine,Oluwatoyin,doluwatoyins@gravatar.com,Female,79.239.212.119
30,Yank,Mould,ymouldt@dmoz.org,Male,35.128.69.74
31,Kayne,Smorthwaite,ksmorthwaiteu@home.pl,Male,199.33.82.76
32,Glynda,Koch,gkochv@icio.us,Female,194.164.138.16
33,Jasmine,Dartnall,jdartnallw@mapy.cz,Female,76.192.77.130
34,Eleen,Will,ewillx@etsy.com,Female,83.59.52.32
35,Tanya,Raxworthy,traxworthyy@nsw.gov.au,Female,184.213.250.173
36,Boris,Hughlin,bhughlinz@sakura.ne.jp,Male,92.26.116.4
37,Burlie,Puddephatt,bpuddephatt10@studiopress.com,Male,211.109.16.187
38,Casi,Colvin,ccolvin11@hhs.gov,Female,232.84.223.6
39,Efrem,Pray,epray12@flickr.com,Male,229.159.148.89
40,Silvio,Friedenbach,sfriedenbach13@squarespace.com,Male,189.70.59.132
41,Derick,Dincke,ddincke14@plala.or.jp,Male,89.66.47.65
42,Sal,Arp,sarp15@jigsy.com,Male,174.96.240.40
43,Chelsey,Nell,cnell16@amazon.co.jp,Female,232.143.164.112
44,Gerladina,Illston,gillston17@123-reg.co.uk,Female,42.72.172.255
45,Sharlene,Draco,sdraco18@elegantthemes.com,Female,182.193.7.13
46,Sheila-kathryn,Gohier,sgohier19@myspace.com,Female,226.86.150.218
47,Ambrosius,MacHoste,amachoste1a@simplemachines.org,Male,8.111.229.208
48,Zachary,Robottham,zrobottham1b@barnesandnoble.com,Male,86.20.192.23
49,Hillel,Gerish,hgerish1c@pcworld.com,Male,42.75.68.130
50,Kial,Luton,kluton1d@angelfire.com,Female,238.129.195.127
51,Deanna,Vitet,dvitet1e@apple.com,Female,98.13.48.174
52,Reeta,Bendall,rbendall1f@princeton.edu,Female,127.134.71.72
53,Doralynn,Porteous,dporteous1g@comcast.net,Female,88.189.233.230
54,Venus,Geke,vgeke1h@wikimedia.org,Female,153.31.95.243
55,Barbe,Jansik,bjansik1i@slate.com,Female,253.233.206.0
56,Lorry,Baggally,lbaggally1j@bigcartel.com,Female,164.210.143.133
57,Kailey,Teesdale,kteesdale1k@posterous.com,Female,105.127.109.63
58,Nicolle,Mc Cahey,nmccahey1l@behance.net,Female,176.196.252.180
59,Willa,Fierro,wfierro1m@weibo.com,Female,66.157.233.70
60,Danielle,Ambridge,dambridge1n@twitter.com,Female,107.103.38.2
61,Hortense,Raith,hraith1o@constantcontact.com,Female,26.79.195.195
62,Vern,Ricardet,vricardet1p@cnet.com,Male,225.138.245.208
63,Stafford,Pennicard,spennicard1q@quantcast.com,Male,255.128.171.232
64,Maurice,Breckwell,mbreckwell1r@ucoz.ru,Male,60.212.128.37
65,Alexandr,Eyree,aeyree1s@yahoo.co.jp,Male,248.9.232.244
66,Monroe,Winson,mwinson1t@de.vu,Male,222.93.47.190
67,Maryrose,O'Suaird,mosuaird1u@wikimedia.org,Female,75.202.127.72
68,Mozelle,Boal,mboal1v@ebay.co.uk,Female,15.92.103.243
69,See,Baniard,sbaniard1w@webnode.com,Male,15.207.81.195
70,Melina,Phetteplace,mphetteplace1x@slashdot.org,Female,27.100.50.166
71,Melissa,Cornthwaite,mcornthwaite1y@printfriendly.com,Female,105.114.189.234
72,Levey,Kleinplac,lkleinplac1z@imgur.com,Male,202.189.143.43
73,Percy,Broad,pbroad20@bigcartel.com,Male,31.240.128.196
74,Melina,Agglio,magglio21@mediafire.com,Female,185.9.120.41
75,Ellery,Tebboth,etebboth22@hud.gov,Male,238.162.196.120
76,Donnie,Schade,dschade23@alibaba.com,Male,212.231.139.174
77,Deloris,Wittering,dwittering24@cbsnews.com,Female,15.22.130.208
78,Korie,Whillock,kwhillock25@51.la,Female,195.55.242.125
79,Merell,Gregh,mgregh26@rakuten.co.jp,Male,83.160.195.169
80,Vanya,Vickarman,vvickarman27@tmall.com,Female,154.56.169.13
81,Wheeler,Skrine,wskrine28@cnet.com,Male,28.216.212.188
82,Finn,Collumbine,fcollumbine29@google.es,Male,25.205.64.201
83,Tabina,Vern,tvern2a@typepad.com,Female,180.249.120.153
84,Lena,Spancock,lspancock2b@merriam-webster.com,Female,114.148.43.213
85,Jeanelle,Paolacci,jpaolacci2c@youku.com,Female,14.71.30.57
86,Selina,Grayer,sgrayer2d@nps.gov,Female,195.49.49.161
87,Jackie,Fardon,jfardon2e@virginia.edu,Female,24.33.141.152
88,Bobbee,Luna,bluna2f@dagondesign.com,Female,29.114.106.23
89,Carmella,Parkisson,cparkisson2g@bbc.co.uk,Female,226.153.135.87
90,Dell,Beatey,dbeatey2h@skype.com,Female,197.86.174.230
91,Avigdor,Kmietsch,akmietsch2i@youtube.com,Male,205.101.163.29
92,Arel,Paoletto,apaoletto2j@flavors.me,Male,108.151.13.37
93,Oates,Stourton,ostourton2k@time.com,Male,5.11.176.243
94,Upton,Penvarden,upenvarden2l@jugem.jp,Male,56.44.193.230
95,Birk,Scholz,bscholz2m@drupal.org,Male,100.179.156.251
96,Belvia,Castro,bcastro2n@utexas.edu,Female,198.161.129.231
97,Talyah,Liger,tliger2o@indiegogo.com,Female,144.19.175.85
98,Aldis,Newton,anewton2p@amazon.co.jp,Male,167.86.46.48
99,Starlene,Wellwood,swellwood2q@wikia.com,Female,167.158.154.102
100,Everard,Cisson,ecisson2r@narod.ru,Male,231.187.223.124
101,Jedediah,Enbury,jenbury2s@statcounter.com,Male,243.161.229.63
102,Emmaline,Sevitt,esevitt2t@bloglines.com,Female,116.34.225.114
103,Emlynn,Kealy,ekealy2u@umich.edu,Female,163.155.53.223
104,Auroora,Gonet,agonet2v@bloglines.com,Female,255.102.225.77
105,Leora,Handasyde,lhandasyde2w@cmu.edu,Female,150.151.8.205
106,Ruby,Stirgess,rstirgess2x@example.com,Female,250.235.9.190
107,Annnora,Sorrill,asorrill2y@alexa.com,Female,215.180.139.54
108,Keenan,Jennings,kjennings2z@goo.ne.jp,Male,154.34.73.161
109,Darcy,Jullian,djullian30@issuu.com,Male,96.22.163.102
110,Lin,Cleft,lcleft31@ezinearticles.com,Male,106.37.127.120
111,Ransom,Cargenven,rcargenven32@oakley.com,Male,7.85.195.195
112,Paulette,Darrington,pdarrington33@webs.com,Female,239.220.146.236
113,Sharia,McCorrie,smccorrie34@gmpg.org,Female,219.20.11.255
114,Poppy,McKinie,pmckinie35@freewebs.com,Female,59.111.195.201
115,Karlik,McKimmie,kmckimmie36@gmpg.org,Male,1.224.232.118
116,Leeanne,Buddell,lbuddell37@usatoday.com,Female,49.254.221.223
117,Tymothy,Facey,tfacey38@1688.com,Male,12.15.101.44
118,Sallyann,Cargenven,scargenven39@sohu.com,Female,47.51.250.166
119,Gale,Pitcock,gpitcock3a@cnn.com,Female,0.69.40.80
120,Salomone,Gain,sgain3b@bravesites.com,Male,16.90.140.25
121,Homer,Poplee,hpoplee3c@theguardian.com,Male,16.238.191.138
122,Leoine,Derkes,lderkes3d@ft.com,Female,152.23.56.239
123,Halley,Cockling,hcockling3e@liveinternet.ru,Female,246.126.46.63
124,Barnaby,Battisson,bbattisson3f@imgur.com,Male,214.109.37.23
125,Beitris,Dutnall,bdutnall3g@upenn.edu,Female,63.149.231.206
126,Wiatt,Swin,wswin3h@wikipedia.org,Male,157.90.82.45
127,Darren,Sturdgess,dsturdgess3i@nifty.com,Male,72.122.31.110
128,Dunc,Lammin,dlammin3j@bigcartel.com,Male,226.101.28.107
129,Dawn,Doey,ddoey3k@parallels.com,Female,225.69.76.214
130,Jarred,Robbey,jrobbey3l@cdc.gov,Male,186.212.52.238
131,Jolene,Wernham,jwernham3m@amazon.de,Female,196.75.151.26
132,Tiffy,Bricknell,tbricknell3n@ycombinator.com,Female,70.39.78.151
133,Janella,Diemer,jdiemer3o@ycombinator.com,Female,169.245.250.54
134,Ericha,Whittaker,ewhittaker3p@cloudflare.com,Female,196.227.131.192
135,Genvieve,Thams,gthams3q@tmall.com,Female,240.55.158.58
136,Rockey,Katzmann,rkatzmann3r@cnn.com,Male,168.199.27.165
137,Florencia,Lenchenko,flenchenko3s@google.fr,Female,29.231.1.127
138,Conrade,Pala,cpala3t@bandcamp.com,Male,212.97.136.102
139,Swen,Tarzey,starzey3u@sohu.com,Male,186.174.229.232
140,Fidole,Caudle,fcaudle3v@intel.com,Male,217.175.32.58
141,Hadrian,Elliot,helliot3w@engadget.com,Male,77.117.209.129
142,Bartholomeo,McCuis,bmccuis3x@furl.net,Male,44.121.18.1
143,Wood,Soame,wsoame3y@nytimes.com,Male,7.122.226.203
144,Fidelio,Tregale,ftregale3z@bizjournals.com,Male,132.135.146.89
145,Horton,Vooght,hvooght40@cnet.com,Male,57.189.245.202
146,Griff,Dorward,gdorward41@usda.gov,Male,240.200.98.123
147,Faith,Nisot,fnisot42@chron.com,Female,254.0.145.137
148,Zandra,Cusworth,zcusworth43@cdbaby.com,Female,76.185.218.20
149,Hube,Schultes,hschultes44@canalblog.com,Male,37.0.63.111
150,Flemming,Dillingham,fdillingham45@reuters.com,Male,101.56.17.251
151,Evan,Drinkall,edrinkall46@opera.com,Male,218.75.241.189
152,Olivier,von Nassau,ovonnassau47@slate.com,Male,210.108.15.139
153,Raymund,Eles,reles48@google.nl,Male,175.216.19.127
154,Alameda,Downey,adowney49@163.com,Female,240.220.211.120
155,Prudence,Adamou,padamou4a@jalbum.net,Female,155.69.20.136
156,Menard,Mouse,mmouse4b@dyndns.org,Male,101.5.96.52
157,Rahel,Lob,rlob4c@opensource.org,Female,173.211.36.90
158,Bat,Marwood,bmarwood4d@eventbrite.com,Male,107.15.40.16
159,Sylvester,Tamburo,stamburo4e@icq.com,Male,155.195.194.160
160,Antonia,Tillman,atillman4f@indiatimes.com,Female,17.55.3.221
161,Sollie,Oxe,soxe4g@dagondesign.com,Male,176.1.247.222
162,Joannes,Varga,jvarga4h@epa.gov,Female,117.91.163.30
163,Nissie,Pringuer,npringuer4i@bluehost.com,Female,228.146.35.159
164,Mauricio,Hoffmann,mhoffmann4j@nature.com,Male,139.213.63.28
165,Tam,Bonnaire,tbonnaire4k@geocities.com,Male,70.184.212.103
166,Brinna,Chesnay,bchesnay4l@adobe.com,Female,88.27.37.140
167,Ilario,Blaza,iblaza4m@blogspot.com,Male,46.103.242.125
168,Taylor,Lackner,tlackner4n@google.it,Male,204.128.240.42
169,Chiquita,Spurr,cspurr4o@symantec.com,Female,21.88.12.82
170,Dal,Broggelli,dbroggelli4p@jimdo.com,Male,183.114.18.118
171,Vito,Aloshikin,valoshikin4q@shutterfly.com,Male,182.142.241.108
172,Guss,Baddeley,gbaddeley4r@slashdot.org,Male,245.175.85.157
173,Cobby,Gutridge,cgutridge4s@de.vu,Male,222.79.242.122
174,Justus,Faircliff,jfaircliff4t@addtoany.com,Male,17.36.81.14
175,Dudley,Belcher,dbelcher4u@tripadvisor.com,Male,124.86.179.213
176,Teena,Gouch,tgouch4v@issuu.com,Female,37.204.211.125
177,Carmen,Forsyde,cforsyde4w@macromedia.com,Female,161.79.10.141
178,Valera,Horbart,vhorbart4x@ucsd.edu,Female,13.171.191.25
179,Inness,Leggatt,ileggatt4y@vistaprint.com,Male,52.189.78.61
180,Caren,Adenet,cadenet4z@mysql.com,Female,240.248.228.225
181,Andonis,Fishley,afishley50@vk.com,Male,172.246.214.193
182,Patrice,Pettigree,ppettigree51@last.fm,Female,30.175.62.39
183,Kerianne,Buterton,kbuterton52@elpais.com,Female,180.202.184.136
184,Emlen,McAuslene,emcauslene53@cyberchimps.com,Male,70.153.99.131
185,Samson,Stovin,sstovin54@reference.com,Male,0.172.101.43
186,Lexie,Jagiela,ljagiela55@huffingtonpost.com,Female,143.181.2.170
187,Juana,Marling,jmarling56@phpbb.com,Female,243.224.230.98
188,Morgen,Wermerling,mwermerling57@buzzfeed.com,Male,14.114.72.168
189,Caesar,Stoffersen,cstoffersen58@edublogs.org,Male,128.112.240.106
190,Xaviera,Feavearyear,xfeavearyear59@hp.com,Female,31.152.223.56
191,Sophia,Pitcaithley,spitcaithley5a@squidoo.com,Female,40.131.209.47
192,Baxter,Mogey,bmogey5b@ca.gov,Male,165.99.104.117
193,Nichole,Bluck,nbluck5c@so-net.ne.jp,Male,141.230.49.244
194,Isa,Pigeram,ipigeram5d@live.com,Female,192.71.86.193
195,Cordelia,Ovendon,covendon5e@msu.edu,Female,213.142.107.191
196,Jasper,Edeler,jedeler5f@biglobe.ne.jp,Male,14.66.73.103
197,Sigvard,Moylane,smoylane5g@mayoclinic.com,Male,86.195.85.206
198,Bartholomew,Eul,beul5h@hostgator.com,Male,174.39.138.97
199,Selby,Avesque,savesque5i@unblog.fr,Male,216.188.146.110
200,Hilary,Fishpond,hfishpond5j@chron.com,Female,171.172.31.167
201,Verene,Yeardley,vyeardley5k@ustream.tv,Female,204.115.200.253
202,Keenan,MacTrustie,kmactrustie5l@sogou.com,Male,2.108.37.113
203,Ameline,Yanshinov,ayanshinov5m@barnesandnoble.com,Female,152.34.189.20
204,Edi,Danniel,edanniel5n@123-reg.co.uk,Female,53.220.132.6
205,Sandro,Bisco,sbisco5o@scribd.com,Male,227.18.139.220
206,Alayne,Rubin,arubin5p@slate.com,Female,130.126.91.210
207,Branden,McQuilty,bmcquilty5q@archive.org,Male,180.231.73.145
208,Osmond,Garnam,ogarnam5r@toplist.cz,Male,117.28.94.20
209,Ranna,Hinchcliffe,rhinchcliffe5s@mtv.com,Female,183.9.247.20
210,Cobbie,Bugler,cbugler5t@domainmarket.com,Male,112.254.147.106
211,Stirling,Cusack,scusack5u@msu.edu,Male,88.110.2.17
212,Allayne,Gildroy,agildroy5v@ucsd.edu,Male,105.16.151.58
213,Bobby,Veazey,bveazey5w@scientificamerican.com,Female,61.231.194.229
214,Floria,Caselli,fcaselli5x@wikispaces.com,Female,233.181.111.63
215,Gaspard,Neagle,gneagle5y@slideshare.net,Male,213.123.171.59
216,Kennie,Rutgers,krutgers5z@sitemeter.com,Male,44.36.72.1
217,Elisabeth,Dainter,edainter60@smugmug.com,Female,23.16.244.209
218,Jamey,Shardlow,jshardlow61@china.com.cn,Male,186.194.221.100
219,Linnea,Claricoates,lclaricoates62@walmart.com,Female,152.75.180.95
220,Selene,Maving,smaving63@illinois.edu,Female,3.49.32.157
221,Anabelle,Irwin,airwin64@sogou.com,Female,55.213.198.30
222,Calvin,Franzelini,cfranzelini65@cam.ac.uk,Male,119.233.129.90
223,Lanny,Gotling,lgotling66@icio.us,Female,26.217.174.53
224,Judah,Ferre,jferre67@altervista.org,Male,232.76.242.102
225,Belvia,Pye,bpye68@state.gov,Female,139.69.226.2
226,Dave,Barendtsen,dbarendtsen69@nytimes.com,Male,132.18.194.51
227,Artur,Westhofer,awesthofer6a@qq.com,Male,93.62.68.218
228,Eolanda,Ducaen,educaen6b@ed.gov,Female,76.170.194.254
229,Emylee,Delaprelle,edelaprelle6c@amazon.co.jp,Female,157.114.59.143
230,Clarita,Josephson,cjosephson6d@businessweek.com,Female,58.182.10.229
231,Linzy,Sapson,lsapson6e@unesco.org,Female,171.54.41.147
232,Gaylene,Frowen,gfrowen6f@biglobe.ne.jp,Female,29.154.75.206
233,Ursuline,Weale,uweale6g@dailymotion.com,Female,223.124.1.164
234,Lambert,Start,lstart6h@pinterest.com,Male,20.24.47.119
235,Gabriella,Abdie,gabdie6i@webs.com,Female,154.166.87.66
236,Minni,Jurisch,mjurisch6j@spiegel.de,Female,159.227.71.68
237,Rock,Hitscher,rhitscher6k@blinklist.com,Male,47.153.64.109
238,Larry,Langcaster,llangcaster6l@chronoengine.com,Male,53.226.91.184
239,Cyndy,Laugharne,claugharne6m@pcworld.com,Female,88.40.27.108
240,Jolene,Jillett,jjillett6n@jimdo.com,Female,54.18.191.177
241,Mauricio,Isack,misack6o@free.fr,Male,194.8.28.155
242,York,Hartfield,yhartfield6p@blinklist.com,Male,68.129.252.145
243,Daveen,Lewsley,dlewsley6q@nih.gov,Female,165.140.107.33
244,Ruthie,Lacase,rlacase6r@so-net.ne.jp,Female,144.235.195.43
245,Jeremias,Fallowfield,jfallowfield6s@i2i.jp,Male,181.184.109.2
246,Wilone,Shailer,wshailer6t@wiley.com,Female,249.113.165.122
247,Allene,Crus,acrus6u@blinklist.com,Female,125.71.191.136
248,Saraann,Desouza,sdesouza6v@friendfeed.com,Female,114.158.122.156
249,Emmaline,Lammiman,elammiman6w@slashdot.org,Female,190.69.239.171
250,Prinz,Horsefield,phorsefield6x@angelfire.com,Male,198.28.128.2
251,Jammie,Yearne,jyearne6y@answers.com,Female,40.87.1.85
252,Merry,McCafferty,mmccafferty6z@free.fr,Male,229.106.148.107
253,Arleta,Rowan,arowan70@canalblog.com,Female,4.76.40.125
254,Nettie,Scamaden,nscamaden71@macromedia.com,Female,139.84.219.126
255,Poppy,McCann,pmccann72@spotify.com,Female,76.157.77.155
256,Devland,Orringe,dorringe73@examiner.com,Male,138.221.217.241
257,Devon,Sowten,dsowten74@rambler.ru,Female,162.102.159.113
258,Ida,Berrecloth,iberrecloth75@soundcloud.com,Female,14.66.252.111
259,Merilyn,Dominico,mdominico76@deliciousdays.com,Female,12.63.59.47
260,William,Quogan,wquogan77@washington.edu,Male,93.9.94.218
261,Henka,Jesper,hjesper78@163.com,Female,212.18.214.204
262,Erna,Matthews,ematthews79@deliciousdays.com,Female,55.219.66.23
263,Rafael,Caton,rcaton7a@msn.com,Male,19.153.174.209
264,Lloyd,Moran,lmoran7b@guardian.co.uk,Male,69.238.69.113
265,Chiarra,Subhan,csubhan7c@netvibes.com,Female,73.18.105.165
266,Etti,Leimster,eleimster7d@bloomberg.com,Female,85.85.119.105
267,Loralee,Englishby,lenglishby7e@myspace.com,Female,172.184.4.156
268,Brita,Lessmare,blessmare7f@oakley.com,Female,251.173.202.237
269,Hercules,Grigoliis,hgrigoliis7g@cpanel.net,Male,212.246.122.195
270,Abagael,Proger,aproger7h@moonfruit.com,Female,180.4.240.210
271,Ag,Beesey,abeesey7i@moonfruit.com,Female,232.47.111.144
272,Fransisco,Gibben,fgibben7j@arizona.edu,Male,114.74.178.147
273,Wanids,Heggs,wheggs7k@zimbio.com,Female,197.92.35.98
274,Savina,Tarpey,starpey7l@wunderground.com,Female,204.230.166.144
275,Saree,Pitblado,spitblado7m@census.gov,Female,134.244.5.57
276,Gar,Gyngell,ggyngell7n@deliciousdays.com,Male,33.83.66.13
277,Feliks,Huggon,fhuggon7o@jugem.jp,Male,200.69.33.83
278,Jemie,Simpkins,jsimpkins7p@hexun.com,Female,94.241.248.175
279,Alla,Wonfor,awonfor7q@businesswire.com,Female,202.221.85.232
280,Codi,Issacoff,cissacoff7r@phpbb.com,Male,11.225.238.51
281,Vicki,Canniffe,vcanniffe7s@macromedia.com,Female,229.42.142.33
282,Bern,Blackmore,bblackmore7t@pinterest.com,Male,238.70.85.159
283,Weston,Conibear,wconibear7u@artisteer.com,Male,249.228.13.207
284,Rafi,Bawcock,rbawcock7v@histats.com,Male,187.164.140.176
285,Goldia,Delnevo,gdelnevo7w@cmu.edu,Female,238.7.30.143
286,Jacinda,Schwerin,jschwerin7x@4shared.com,Female,185.49.248.220
287,Adolf,Griffiths,agriffiths7y@accuweather.com,Male,190.46.113.119
288,Cale,Klaas,cklaas7z@gov.uk,Male,76.233.15.204
289,Adriane,Durrell,adurrell80@google.it,Female,79.131.184.130
290,Englebert,Castiglio,ecastiglio81@yandex.ru,Male,141.47.155.222
291,Helaina,Waycott,hwaycott82@hatena.ne.jp,Female,205.194.75.74
292,Kim,Behling,kbehling83@ifeng.com,Female,199.158.93.146
293,Ara,Saintsbury,asaintsbury84@redcross.org,Male,168.118.196.218
294,Cassius,Harcombe,charcombe85@wunderground.com,Male,233.16.16.189
295,Kienan,Malamore,kmalamore86@infoseek.co.jp,Male,55.77.16.197
296,Alfonso,McCullen,amccullen87@tiny.cc,Male,44.123.152.194
297,Brynna,Farrimond,bfarrimond88@chron.com,Female,209.24.213.149
298,Ava,Mackney,amackney89@businessweek.com,Female,7.240.169.120
299,Millicent,Harford,mharford8a@theguardian.com,Female,197.20.153.144
300,Clemence,Bertolaccini,cbertolaccini8b@google.com.hk,Female,106.230.123.79
301,Had,Bazire,hbazire8c@wufoo.com,Male,231.204.173.36
302,Clara,Fawthorpe,cfawthorpe8d@icio.us,Female,159.144.133.84
303,Julio,Bruna,jbruna8e@census.gov,Male,126.255.10.27
304,Adoree,Bartelli,abartelli8f@myspace.com,Female,109.190.99.30
305,Cindy,Bagwell,cbagwell8g@fda.gov,Female,24.5.125.64
306,Katusha,Timmis,ktimmis8h@123-reg.co.uk,Female,100.33.16.141
307,Ailene,Gecke,agecke8i@networkadvertising.org,Female,40.119.92.22
308,Johannah,Pomroy,jpomroy8j@bizjournals.com,Female,126.51.225.166
309,Gerrilee,Poile,gpoile8k@github.io,Female,23.107.45.192
310,Lorilyn,Passey,lpassey8l@unblog.fr,Female,130.185.195.36
311,Demott,Fulks,dfulks8m@sakura.ne.jp,Male,98.5.62.77
312,Goldi,Aylett,gaylett8n@artisteer.com,Female,22.49.142.12
313,Lombard,Simonazzi,lsimonazzi8o@ibm.com,Male,123.88.128.117
314,Kenyon,McMonnies,kmcmonnies8p@marriott.com,Male,244.153.39.191
315,Morgana,Florey,mflorey8q@infoseek.co.jp,Female,171.139.46.242
316,Jorge,Alexsandrev,jalexsandrev8r@soup.io,Male,225.236.75.124
317,Winny,Glazier,wglazier8s@oaic.gov.au,Female,19.132.180.84
318,Zeke,Epps,zepps8t@wikia.com,Male,161.201.119.159
319,Meredithe,Giroldi,mgiroldi8u@huffingtonpost.com,Female,119.225.239.181
320,Pablo,Canavan,pcanavan8v@nifty.com,Male,157.119.111.12
321,Kris,Zanolli,kzanolli8w@stumbleupon.com,Female,114.13.216.191
322,Jarib,Rowlings,jrowlings8x@imdb.com,Male,124.245.213.23
323,Crysta,McCurrie,cmccurrie8y@hud.gov,Female,232.117.171.3
324,Carin,McColgan,cmccolgan8z@sourceforge.net,Female,176.211.4.146
325,Maddy,Miguel,mmiguel90@ebay.com,Female,93.229.50.92
326,Bobbe,Peregrine,bperegrine91@bandcamp.com,Female,224.161.201.137
327,Wernher,Bruyns,wbruyns92@behance.net,Male,235.30.64.203
328,Phillip,Harston,pharston93@ask.com,Male,86.220.153.103
329,Callie,Redsull,credsull94@msn.com,Female,240.46.211.100
330,Kore,Karpets,kkarpets95@google.ru,Female,205.121.16.92
331,Meghann,Shucksmith,mshucksmith96@dion.ne.jp,Female,224.187.101.235
332,Bat,Ribbon,bribbon97@twitpic.com,Male,216.118.137.212
333,Tybie,Wimpress,twimpress98@ning.com,Female,78.194.160.202
334,Lorinda,Volcker,lvolcker99@noaa.gov,Female,225.91.5.145
335,Isidora,Udden,iudden9a@discuz.net,Female,128.208.140.168
336,Obadias,Hastelow,ohastelow9b@hc360.com,Male,251.219.173.134
337,Betta,Brackley,bbrackley9c@delicious.com,Female,200.232.78.154
338,Sada,Pordal,spordal9d@github.io,Female,37.220.162.131
339,Kyle,Clendinning,kclendinning9e@google.nl,Female,173.152.204.104
340,Grayce,Girardot,ggirardot9f@lycos.com,Female,90.229.75.168
341,Saree,Goodbur,sgoodbur9g@devhub.com,Female,86.19.161.125
342,Tina,Ketchell,tketchell9h@g.co,Female,185.231.229.181
343,Lonny,Helliker,lhelliker9i@wiley.com,Male,212.254.114.245
344,Nettie,Willingham,nwillingham9j@free.fr,Female,160.183.5.49
345,Leisha,Ascroft,lascroft9k@com.com,Female,178.106.27.110
346,Mallory,Braithwait,mbraithwait9l@macromedia.com,Female,207.173.167.170
347,Lanny,O'Reilly,loreilly9m@diigo.com,Male,98.138.127.6
348,Bobbie,Fetherston,bfetherston9n@unicef.org,Female,79.224.222.182
349,Ethe,Delagnes,edelagnes9o@csmonitor.com,Male,111.65.175.152
350,Henka,Dovey,hdovey9p@sakura.ne.jp,Female,133.228.200.73
351,Alessandro,Ramsey,aramsey9q@arstechnica.com,Male,198.220.54.255
352,Bartlet,Berthomier,bberthomier9r@stumbleupon.com,Male,115.71.14.89
353,Dino,Bellini,dbellini9s@barnesandnoble.com,Male,116.16.92.232
354,Maje,Rabley,mrabley9t@51.la,Male,76.27.124.209
355,Nathalie,Kleiner,nkleiner9u@guardian.co.uk,Female,138.198.7.31
356,Dimitry,Saurat,dsaurat9v@creativecommons.org,Male,155.216.122.98
357,Jacquette,Glasby,jglasby9w@shinystat.com,Female,212.194.243.75
358,Lainey,Docharty,ldocharty9x@discuz.net,Female,66.228.22.92
359,Viole,Docker,vdocker9y@pagesperso-orange.fr,Female,151.171.35.19
360,Henrietta,Bamlett,hbamlett9z@scribd.com,Female,193.56.109.151
361,Chas,Caveney,ccaveneya0@tripod.com,Male,30.186.149.193
362,Udale,Sellack,usellacka1@sourceforge.net,Male,205.247.182.81
363,Modesty,Weddell,mweddella2@fema.gov,Female,116.0.198.77
364,Chad,Jeppe,cjeppea3@mozilla.com,Female,114.181.229.44
365,Louise,Gullifant,lgullifanta4@economist.com,Female,171.90.88.159
366,Megan,Neligan,mneligana5@google.co.uk,Female,147.245.215.176
367,Durante,Scimonelli,dscimonellia6@senate.gov,Male,118.159.250.11
368,Stevana,Colclough,scolclougha7@opensource.org,Female,158.103.255.115
369,Jess,D'Ambrogi,jdambrogia8@tinypic.com,Male,226.92.135.212
370,Carlie,Busch,cbuscha9@state.tx.us,Female,198.227.148.82
371,Maggee,Gahan,mgahanaa@last.fm,Female,238.126.170.15
372,Dyana,Crady,dcradyab@samsung.com,Female,91.83.233.189
373,Louisette,Bernardt,lbernardtac@illinois.edu,Female,102.118.124.213
374,Arabella,Marconi,amarconiad@walmart.com,Female,91.218.120.177
375,Babara,Dowzell,bdowzellae@ucoz.ru,Female,170.219.111.13
376,Yankee,Ganiford,yganifordaf@tumblr.com,Male,97.15.95.37
377,Anthiathia,Josskovitz,ajosskovitzag@bluehost.com,Female,51.38.65.19
378,Nichols,Speck,nspeckah@bing.com,Male,19.164.122.216
379,Moshe,Ryman,mrymanai@hostgator.com,Male,158.138.111.253
380,Colene,Smallpeace,csmallpeaceaj@cbslocal.com,Female,222.7.169.141
381,Wildon,Kingscote,wkingscoteak@java.com,Male,106.148.133.28
382,Bennie,Gilling,bgillingal@howstuffworks.com,Male,235.147.154.98
383,Perrine,Thyer,pthyeram@soup.io,Female,178.102.243.69
384,Shelden,Binion,sbinionan@usatoday.com,Male,185.178.235.6
385,Rhea,Cubbini,rcubbiniao@wunderground.com,Female,218.172.94.129
386,Dagny,Breedy,dbreedyap@a8.net,Male,27.150.10.222
387,Laverne,Burfield,lburfieldaq@thetimes.co.uk,Female,98.18.106.14
388,Lorry,Sermin,lserminar@blogspot.com,Male,161.220.80.66
389,Timothy,Weddeburn,tweddeburnas@moonfruit.com,Male,243.202.57.190
390,Clemente,Hartegan,charteganat@hud.gov,Male,61.63.234.17
391,Cassaundra,O'Shevlan,coshevlanau@cocolog-nifty.com,Female,236.87.150.93
392,Jordanna,Rosengarten,jrosengartenav@ow.ly,Female,189.205.148.183
393,Merrile,Simononsky,msimononskyaw@sphinn.com,Female,104.40.246.227
394,Benetta,Uphill,buphillax@apache.org,Female,60.252.157.53
395,Ham,Fraczak,hfraczakay@nymag.com,Male,214.6.196.242
396,Minna,Huett,mhuettaz@adobe.com,Female,136.155.192.213
397,Chloette,Anglin,canglinb0@disqus.com,Female,212.60.254.155
398,Rose,Dockray,rdockrayb1@sitemeter.com,Female,229.208.87.170
399,Francklyn,Gillum,fgillumb2@xinhuanet.com,Male,111.242.130.233
400,Bord,Carmel,bcarmelb3@dell.com,Male,130.208.225.169
401,Geoffrey,Itzhaiek,gitzhaiekb4@so-net.ne.jp,Male,222.202.151.235
402,Wilbur,Raiker,wraikerb5@chron.com,Male,86.11.77.133
403,Laina,Manthorpe,lmanthorpeb6@walmart.com,Female,22.155.117.175
404,Emmy,Dionisi,edionisib7@fastcompany.com,Male,14.196.47.52
405,Edvard,Flight,eflightb8@gmpg.org,Male,191.135.110.145
406,Hunt,Garnsworthy,hgarnsworthyb9@bing.com,Male,201.151.176.220
407,Emmey,Worsfield,eworsfieldba@washingtonpost.com,Female,121.223.19.180
408,Lari,Ormiston,lormistonbb@unblog.fr,Female,53.121.207.52
409,Simon,Hardisty,shardistybc@vinaora.com,Male,172.252.197.95
410,Yale,Chaffe,ychaffebd@sourceforge.net,Male,16.190.139.135
411,Christie,Ouchterlony,couchterlonybe@smh.com.au,Female,245.75.248.19
412,Margareta,Speer,mspeerbf@over-blog.com,Female,57.29.39.46
413,Nanny,Drewson,ndrewsonbg@harvard.edu,Female,83.21.13.111
414,Winfield,Lehrmann,wlehrmannbh@theatlantic.com,Male,67.51.143.244
415,Zorana,Persent,zpersentbi@4shared.com,Female,43.108.226.200
416,Shelley,Fontaine,sfontainebj@pen.io,Male,34.134.169.138
417,Julius,Medhurst,jmedhurstbk@columbia.edu,Male,140.182.38.195
418,Raymund,Skipworth,rskipworthbl@oracle.com,Male,101.17.172.87
419,Johnathon,Carous,jcarousbm@rakuten.co.jp,Male,153.254.179.10
420,Brandie,Bugg,bbuggbn@mapquest.com,Female,22.255.123.51
421,Chance,Rickaby,crickabybo@ucoz.com,Male,139.88.112.194
422,Wrennie,Churchman,wchurchmanbp@webs.com,Female,172.129.209.242
423,Oliviero,Dorrins,odorrinsbq@yandex.ru,Male,200.54.250.29
424,Rusty,Bracco,rbraccobr@bandcamp.com,Male,29.112.189.96
425,Madlin,Jinkinson,mjinkinsonbs@npr.org,Female,228.85.174.197
426,Flemming,Lochet,flochetbt@examiner.com,Male,93.82.52.44
427,Alvan,Andrat,aandratbu@netscape.com,Male,248.76.239.173
428,Hilliard,Mooney,hmooneybv@weebly.com,Male,195.43.126.147
429,Humphrey,Barefoot,hbarefootbw@technorati.com,Male,248.49.36.11
430,Pamela,Kahen,pkahenbx@cnet.com,Female,191.47.49.207
431,Letitia,Peabody,lpeabodyby@desdev.cn,Female,251.201.36.116
432,Vaclav,Napton,vnaptonbz@over-blog.com,Male,150.212.25.11
433,Darby,Mattisssen,dmattisssenc0@joomla.org,Male,192.45.208.63
434,Levin,Drewitt,ldrewittc1@time.com,Male,50.111.68.124
435,Moina,Cains,mcainsc2@slate.com,Female,51.83.4.223
436,Tildie,Shillinglaw,tshillinglawc3@nature.com,Female,50.87.195.73
437,Juan,Josselson,jjosselsonc4@time.com,Male,65.187.39.183
438,Elizabet,Towler,etowlerc5@comcast.net,Female,83.158.239.154
439,Hadlee,Franscioni,hfranscionic6@feedburner.com,Male,251.251.83.34
440,Ransom,Luchetti,rluchettic7@chicagotribune.com,Male,147.195.95.180
441,Kelley,Norvill,knorvillc8@craigslist.org,Female,131.69.183.245
442,Jana,Bowker,jbowkerc9@tripod.com,Female,166.115.255.146
443,Gannon,Wallworth,gwallworthca@chron.com,Male,44.159.31.210
444,Misty,Hearfield,mhearfieldcb@slashdot.org,Female,81.106.90.53
445,Harald,Pucknell,hpucknellcc@sbwire.com,Male,27.97.80.102
446,Lombard,Guyon,lguyoncd@csmonitor.com,Male,22.105.171.51
447,Gerti,Shuxsmith,gshuxsmithce@is.gd,Female,33.115.185.115
448,Lincoln,Mansell,lmansellcf@storify.com,Male,141.78.253.175
449,Hadria,Bradock,hbradockcg@spotify.com,Female,139.144.149.158
450,Nikolai,Elcoux,nelcouxch@ucsd.edu,Male,92.228.136.49
451,Fleurette,MacCard,fmaccardci@patch.com,Female,246.42.235.113
452,Reggie,Clews,rclewscj@newsvine.com,Female,142.41.63.101
453,Win,Barthrop,wbarthropck@vimeo.com,Male,185.54.194.42
454,Ana,Fraczek,afraczekcl@sciencedirect.com,Female,26.69.5.135
455,Gene,Hugenin,ghugenincm@china.com.cn,Male,169.112.235.218
456,Lind,Reihill,lreihillcn@hexun.com,Male,160.133.7.85
457,Pierette,Sara,psaraco@e-recht24.de,Female,33.61.138.59
458,Ogdon,Benezet,obenezetcp@hud.gov,Male,121.90.132.193
459,Veradis,Jorioz,vjoriozcq@vimeo.com,Female,215.82.12.21
460,Viola,Solomon,vsolomoncr@barnesandnoble.com,Female,85.139.246.3
461,Darda,Burke,dburkecs@xinhuanet.com,Female,24.79.17.160
462,Nannie,Shark,nsharkct@arstechnica.com,Female,212.29.58.86
463,Malinde,Battey,mbatteycu@state.gov,Female,236.117.126.207
464,Stafford,Sasser,ssassercv@godaddy.com,Male,179.184.94.173
465,Licha,Dobbins,ldobbinscw@jiathis.com,Female,112.66.37.15
466,Isadora,Jeger,ijegercx@friendfeed.com,Female,210.255.252.103
467,Faber,Strelitz,fstrelitzcy@usgs.gov,Male,225.31.163.9
468,Shirlee,Weatherhogg,sweatherhoggcz@archive.org,Female,63.12.13.33
469,Pall,Dohmann,pdohmannd0@cocolog-nifty.com,Male,46.153.137.66
470,Giovanna,Reinard,greinardd1@thetimes.co.uk,Female,79.104.188.241
471,Adorne,Pavy,apavyd2@tripod.com,Female,240.41.88.130
472,Maddi,Meegin,mmeegind3@bloglines.com,Female,155.62.33.183
473,Gregoor,Papes,gpapesd4@techcrunch.com,Male,3.103.137.36
474,Lonnie,Osanne,losanned5@privacy.gov.au,Female,214.98.77.247
475,Marget,Rainey,mraineyd6@hao123.com,Female,212.243.253.246
476,Ricki,Tarzey,rtarzeyd7@ameblo.jp,Female,21.80.208.73
477,Ham,Fattorini,hfattorinid8@bigcartel.com,Male,24.187.248.198
478,Taite,Switland,tswitlandd9@senate.gov,Male,216.223.167.29
479,Bay,Deekes,bdeekesda@google.co.jp,Male,214.207.112.70
480,Alden,Shropshire,ashropshiredb@intel.com,Male,148.24.66.18
481,Hilarius,Hucks,hhucksdc@freewebs.com,Male,199.187.238.98
482,Edsel,Askey,easkeydd@omniture.com,Male,149.149.104.184
483,Giselbert,Dennick,gdennickde@yellowpages.com,Male,149.14.85.24
484,Eadie,Tarte,etartedf@zimbio.com,Female,100.162.72.172
485,Dicky,Gosby,dgosbydg@thetimes.co.uk,Male,74.204.192.47
486,Wilbert,Pallister,wpallisterdh@jigsy.com,Male,23.192.39.101
487,Rodolfo,Kruschev,rkruschevdi@sciencedirect.com,Male,251.211.163.14
488,Giffie,Cannavan,gcannavandj@google.com,Male,196.104.37.202
489,Wenona,Gerdes,wgerdesdk@google.it,Female,166.77.58.205
490,Dale,McCloid,dmccloiddl@ning.com,Male,118.166.169.30
491,Sheffield,Yakebovich,syakebovichdm@noaa.gov,Male,128.178.213.31
492,Ashia,Earney,aearneydn@last.fm,Female,184.4.84.49
493,Aubrette,Reedie,areediedo@bravesites.com,Female,107.67.66.37
494,Conway,Atwell,catwelldp@shareasale.com,Male,106.132.150.53
495,Kennan,McShirie,kmcshiriedq@wsj.com,Male,15.60.225.182
496,Betti,Lendrem,blendremdr@fastcompany.com,Female,219.132.218.137
497,Lalo,Narraway,lnarrawayds@chronoengine.com,Male,17.73.120.196
498,Trent,Chesshyre,tchesshyredt@bloomberg.com,Male,105.244.87.255
499,Bram,Amoss,bamossdu@dedecms.com,Male,28.0.67.222
500,Donalt,Poleykett,dpoleykettdv@umn.edu,Male,216.161.83.120
501,Lynna,Arnaudot,larnaudotdw@washingtonpost.com,Female,56.172.193.192
502,Mariann,Barbie,mbarbiedx@barnesandnoble.com,Female,78.144.14.204
503,Cristian,Boadby,cboadbydy@deviantart.com,Male,116.224.66.167
504,Rogers,Feltoe,rfeltoedz@acquirethisname.com,Male,140.103.164.98
505,Kurt,Hullyer,khullyere0@rambler.ru,Male,122.131.190.155
506,Cullan,Poundsford,cpoundsforde1@google.fr,Male,128.176.117.168
507,Evan,Leason,eleasone2@gravatar.com,Male,122.117.80.67
508,Wiatt,Rickaby,wrickabye3@merriam-webster.com,Male,57.135.67.103
509,Papageno,Dunks,pdunkse4@slashdot.org,Male,126.200.110.193
510,Hyacinthia,Ruckledge,hruckledgee5@ebay.com,Female,60.72.87.180
511,Bryanty,Buckell,bbuckelle6@geocities.jp,Male,235.230.24.19
512,Iona,Searchwell,isearchwelle7@zdnet.com,Female,80.45.44.41
513,Christiano,Le Breton,clebretone8@joomla.org,Male,6.61.174.60
514,Jarred,Aviss,javisse9@cocolog-nifty.com,Male,144.110.245.130
515,Eldin,Jakubczyk,ejakubczykea@seattletimes.com,Male,236.164.11.254
516,Jewell,Navaro,jnavaroeb@ucla.edu,Female,187.118.89.235
517,Jennette,Conechie,jconechieec@ifeng.com,Female,5.92.235.122
518,Daisey,Bontine,dbontineed@phpbb.com,Female,68.216.174.43
519,Ursuline,Rennard,urennardee@stumbleupon.com,Female,248.173.191.10
520,Ginger,Crowther,gcrowtheref@ftc.gov,Male,136.227.180.35
521,Ania,Cecchi,acecchieg@taobao.com,Female,129.243.176.114
522,Graig,Gillion,ggillioneh@sohu.com,Male,79.112.153.190
523,Flynn,Yorkston,fyorkstonei@symantec.com,Male,134.100.134.191
524,Tedi,Cowland,tcowlandej@paypal.com,Female,38.151.246.31
525,Land,Evemy,levemyek@constantcontact.com,Male,103.144.7.128
526,Pamella,Nisius,pnisiusel@cnn.com,Female,116.65.59.148
527,Reyna,Kighly,rkighlyem@blog.com,Female,100.84.236.231
528,Sergent,Coatham,scoathamen@nba.com,Male,79.221.22.215
529,Reinald,Anand,ranandeo@upenn.edu,Male,105.217.152.103
530,Tanitansy,Aitchinson,taitchinsonep@deliciousdays.com,Female,178.119.100.39
531,West,Ebbage,webbageeq@yahoo.co.jp,Male,195.0.203.186
532,Kessiah,Vakhrushev,kvakhrushever@oakley.com,Female,189.139.68.66
533,Zach,Cod,zcodes@alexa.com,Male,38.69.98.189
534,Ashlen,Deniso,adenisoet@google.ca,Female,175.43.135.31
535,Ianthe,Clemence,iclemenceeu@sciencedirect.com,Female,182.8.244.93
536,Ebeneser,Tidy,etidyev@artisteer.com,Male,50.239.192.185
537,Claribel,Wilmot,cwilmotew@domainmarket.com,Female,245.228.124.17
538,Doll,Alderwick,dalderwickex@mtv.com,Female,82.68.101.221
539,Celene,Syphas,csyphasey@usda.gov,Female,219.6.120.167
540,Deni,Bum,dbumez@dmoz.org,Female,222.0.10.212
541,Elinor,Shorter,eshorterf0@cloudflare.com,Female,213.183.237.201
542,Susette,Bernardelli,sbernardellif1@sun.com,Female,132.66.114.137
543,Silva,Skullet,sskulletf2@nifty.com,Female,68.96.178.107
544,Svend,Altham,salthamf3@state.gov,Male,186.235.164.112
545,Monica,Kennler,mkennlerf4@devhub.com,Female,78.185.222.30
546,Valentia,Schuricht,vschurichtf5@goo.ne.jp,Female,194.169.149.46
547,Stephannie,Hain,shainf6@eventbrite.com,Female,171.130.9.31
548,Corenda,Sprigging,cspriggingf7@privacy.gov.au,Female,100.197.189.7
549,Beniamino,Corker,bcorkerf8@home.pl,Male,244.113.158.7
550,Nehemiah,Playford,nplayfordf9@mapquest.com,Male,124.214.118.84
551,Adriaens,Toland,atolandfa@dmoz.org,Female,72.26.102.239
552,Salmon,Arkow,sarkowfb@java.com,Male,100.66.4.203
553,Jaquenette,Alvarado,jalvaradofc@cpanel.net,Female,177.149.216.77
554,Arvy,Redington,aredingtonfd@spiegel.de,Male,76.49.164.227
555,Quinlan,Venmore,qvenmorefe@mit.edu,Male,21.214.150.181
556,Kathryn,Havill,khavillff@purevolume.com,Female,166.24.132.201
557,Major,Bewick,mbewickfg@amazonaws.com,Male,3.181.6.166
558,Arlyn,Sangwine,asangwinefh@usda.gov,Female,160.254.101.210
559,Gill,Bernier,gbernierfi@timesonline.co.uk,Male,48.12.154.40
560,Fraze,Aleevy,faleevyfj@shareasale.com,Male,5.223.40.15
561,Fifine,Billows,fbillowsfk@goo.ne.jp,Female,32.30.98.192
562,Torey,Colls,tcollsfl@ovh.net,Female,190.216.51.112
563,Orly,Arsnell,oarsnellfm@goo.ne.jp,Female,230.103.215.97
564,Micky,Archbutt,marchbuttfn@ovh.net,Male,36.156.55.234
565,Even,Chotty,echottyfo@deliciousdays.com,Male,216.138.236.244
566,Chick,O'Kennavain,cokennavainfp@answers.com,Male,177.166.193.79
567,Gerladina,Aizikov,gaizikovfq@51.la,Female,52.191.64.132
568,Evelyn,Kegg,ekeggfr@blogs.com,Female,43.87.43.140
569,Melina,Skedge,mskedgefs@multiply.com,Female,62.248.111.50
570,Nichole,Kasher,nkasherft@yahoo.com,Female,17.123.203.60
571,Randi,Milesap,rmilesapfu@bing.com,Female,210.251.20.240
572,Breena,Corlett,bcorlettfv@google.ru,Female,220.32.71.117
573,Brig,Oxtoby,boxtobyfw@spotify.com,Male,61.86.22.75
574,Consuelo,Blackney,cblackneyfx@mac.com,Female,183.196.45.146
575,Sibel,Ardling,sardlingfy@sourceforge.net,Female,242.47.68.82
576,Marylin,Murrhardt,mmurrhardtfz@google.co.uk,Female,17.227.142.193
577,Culver,Lintin,clinting0@nifty.com,Male,11.82.90.61
578,Lory,Powder,lpowderg1@un.org,Female,126.127.191.23
579,Egon,Worlidge,eworlidgeg2@japanpost.jp,Male,248.163.238.158
580,Granville,Ebbins,gebbinsg3@gmpg.org,Male,60.5.232.80
581,Upton,Vedyaev,uvedyaevg4@wiley.com,Male,163.115.212.19
582,Barrie,Shear,bshearg5@earthlink.net,Female,86.223.6.195
583,Lurline,Ducker,lduckerg6@symantec.com,Female,18.166.159.28
584,Merilyn,Hobden,mhobdeng7@google.com.br,Female,64.39.76.250
585,Misty,Petracci,mpetraccig8@shop-pro.jp,Female,227.193.163.91
586,Dorri,Murdoch,dmurdochg9@tinyurl.com,Female,50.253.24.90
587,Amby,Birchner,abirchnerga@fc2.com,Male,101.187.71.209
588,Alta,Neem,aneemgb@squarespace.com,Female,9.117.141.141
589,Dorry,Fryman,dfrymangc@chicagotribune.com,Female,150.4.10.216
590,Dulcy,Cicchetto,dcicchettogd@simplemachines.org,Female,46.127.211.104
591,Yance,Tappin,ytappinge@facebook.com,Male,183.212.74.18
592,Harlen,Jacqueminet,hjacqueminetgf@friendfeed.com,Male,203.0.244.195
593,Dorri,Piner,dpinergg@apple.com,Female,98.193.184.46
594,Craggy,Mote,cmotegh@multiply.com,Male,153.58.244.76
595,Sabina,Skoyles,sskoylesgi@gravatar.com,Female,46.249.47.65
596,Rad,Pepperrall,rpepperrallgj@a8.net,Male,57.147.230.88
597,Isidoro,Fothergill,ifothergillgk@foxnews.com,Male,33.62.22.215
598,Joceline,Howsin,jhowsingl@nsw.gov.au,Female,52.43.58.1
599,Margi,Saywell,msaywellgm@boston.com,Female,24.188.122.76
600,Renata,Beetlestone,rbeetlestonegn@usa.gov,Female,135.32.91.90
601,Melanie,Meaden,mmeadengo@google.de,Female,106.40.78.181
602,Jimmie,Filintsev,jfilintsevgp@simplemachines.org,Male,84.206.184.207
603,Idalina,Scade,iscadegq@umich.edu,Female,131.22.113.67
604,Etheline,Foyster,efoystergr@nyu.edu,Female,255.23.115.42
605,Lenora,Bottomore,lbottomoregs@unblog.fr,Female,85.192.55.140
606,Fairleigh,Cajkler,fcajklergt@weather.com,Male,173.28.21.197
607,Kaile,Follen,kfollengu@mozilla.org,Female,107.19.206.231
608,Brewster,Levy,blevygv@360.cn,Male,112.88.36.33
609,Egbert,Rozenbaum,erozenbaumgw@google.fr,Male,88.221.87.10
610,Turner,Fleckno,tflecknogx@discovery.com,Male,129.62.167.15
611,Adriena,Reynoollds,areynoolldsgy@foxnews.com,Female,210.28.174.118
612,Rina,Eaves,reavesgz@tinypic.com,Female,87.205.113.187
613,Cindie,Baistow,cbaistowh0@liveinternet.ru,Female,92.32.156.48
614,Danica,Smoughton,dsmoughtonh1@bloomberg.com,Female,29.186.232.37
615,Sibel,Burrell,sburrellh2@kickstarter.com,Female,49.169.125.39
616,Towney,Hosby,thosbyh3@tumblr.com,Male,24.254.207.184
617,Tonye,Lorans,tloransh4@pcworld.com,Female,127.123.178.49
618,Niall,Hannond,nhannondh5@g.co,Male,21.33.43.134
619,Polly,Surgeoner,psurgeonerh6@posterous.com,Female,100.73.15.159
620,Sanderson,Kubatsch,skubatschh7@epa.gov,Male,201.249.156.178
621,Ruperto,Foddy,rfoddyh8@shareasale.com,Male,237.123.160.13
622,Clair,Tellett,ctelletth9@chicagotribune.com,Female,97.23.158.227
623,Marcel,Jindrich,mjindrichha@howstuffworks.com,Male,129.93.227.33
624,Fan,Colliver,fcolliverhb@skype.com,Female,223.52.159.139
625,Jorry,O'Gaven,jogavenhc@umich.edu,Female,50.129.226.139
626,Donnajean,Lippini,dlippinihd@squidoo.com,Female,79.47.103.197
627,Milissent,Ionnisian,mionnisianhe@over-blog.com,Female,207.46.226.239
628,Carin,Widdowfield,cwiddowfieldhf@sogou.com,Female,168.184.194.79
629,Freddie,Strang,fstranghg@furl.net,Male,114.131.50.171
630,Nefen,Mushawe,nmushawehh@wiley.com,Male,62.210.38.54
631,Tristan,Barthelme,tbarthelmehi@edublogs.org,Male,178.121.147.133
632,Penelopa,Vidgen,pvidgenhj@vkontakte.ru,Female,133.207.71.155
633,Gilly,Matuskiewicz,gmatuskiewiczhk@sohu.com,Female,65.242.169.251
634,Nicolai,Ealam,nealamhl@google.es,Male,210.250.33.12
635,Melonie,Lapree,mlapreehm@t.co,Female,135.42.187.230
636,Simona,Bertlin,sbertlinhn@theatlantic.com,Female,118.73.191.169
637,Rena,Coade,rcoadeho@theguardian.com,Female,255.186.72.215
638,Winna,Le Page,wlepagehp@hubpages.com,Female,48.34.56.185
639,Leanor,Pedrick,lpedrickhq@soup.io,Female,82.44.189.13
640,Sheppard,Hitzmann,shitzmannhr@cdc.gov,Male,14.120.199.114
641,Alida,Redding,areddinghs@answers.com,Female,159.31.161.77
642,Slade,Gingel,sgingelht@sitemeter.com,Male,186.168.121.222
643,Maddy,Diess,mdiesshu@wordpress.com,Male,211.109.255.23
644,Sanson,Douce,sdoucehv@topsy.com,Male,96.2.85.32
645,Lucila,Goodnow,lgoodnowhw@phoca.cz,Female,218.56.90.47
646,Adolphe,Rappaport,arappaporthx@printfriendly.com,Male,140.163.231.118
647,Patten,Kinch,pkinchhy@ftc.gov,Male,7.113.139.68
648,Rafi,Lilford,rlilfordhz@wsj.com,Male,229.69.230.69
649,Sherwin,Hammerich,shammerichi0@youtu.be,Male,193.28.128.89
650,Kile,Kevane,kkevanei1@slideshare.net,Male,117.104.156.165
651,Libby,Gullis,lgullisi2@jimdo.com,Female,141.241.231.98
652,Gale,Nolte,gnoltei3@mediafire.com,Male,44.153.82.28
653,Jasun,Tankin,jtankini4@1688.com,Male,168.100.240.25
654,Nancey,Stubbes,nstubbesi5@icq.com,Female,103.86.66.163
655,Aileen,Weakley,aweakleyi6@fastcompany.com,Female,169.40.92.10
656,Hendrick,Lakeland,hlakelandi7@gov.uk,Male,115.127.245.170
657,Elfie,Dugget,eduggeti8@parallels.com,Female,199.148.43.108
658,Laurette,Hedley,lhedleyi9@salon.com,Female,24.127.206.30
659,Duky,Cullivan,dcullivania@hubpages.com,Male,92.60.125.246
660,Lorilee,Wyeth,lwyethib@posterous.com,Female,229.76.168.85
661,Grace,Burdas,gburdasic@comcast.net,Male,26.171.129.131
662,Odo,Purdom,opurdomid@examiner.com,Male,241.37.35.196
663,Robin,Humble,rhumbleie@storify.com,Female,99.92.78.132
664,Randi,Ingleby,ringlebyif@booking.com,Female,197.94.133.119
665,Alison,Racher,aracherig@myspace.com,Female,59.205.212.135
666,Axe,Woodrow,awoodrowih@reference.com,Male,40.87.68.22
667,Mychal,Curless,mcurlessii@nymag.com,Male,186.80.125.253
668,Reinhard,Gerrill,rgerrillij@yale.edu,Male,190.4.88.216
669,Bay,Stiller,bstillerik@feedburner.com,Male,84.83.142.74
670,Maurita,Tipling,mtiplingil@ft.com,Female,206.224.89.189
671,Caterina,Ashwood,cashwoodim@amazonaws.com,Female,249.227.4.199
672,Fulvia,Skones,fskonesin@yolasite.com,Female,8.64.237.223
673,Jarrod,Ioannou,jioannouio@howstuffworks.com,Male,212.79.23.4
674,Arv,Sleicht,asleichtip@walmart.com,Male,7.97.253.252
675,Vivyanne,Bullers,vbullersiq@theatlantic.com,Female,108.24.40.188
676,Ida,McGeaney,imcgeaneyir@reuters.com,Female,79.38.50.23
677,Gavan,Barts,gbartsis@purevolume.com,Male,12.125.57.2
678,Ofelia,Meadowcroft,omeadowcroftit@webeden.co.uk,Female,117.27.80.44
679,Arabella,Wernham,awernhamiu@jugem.jp,Female,203.4.136.83
680,Amelia,Woodyear,awoodyeariv@bbb.org,Female,94.5.223.61
681,Godfry,Orht,gorhtiw@bloomberg.com,Male,205.104.27.13
682,Scottie,Kyttor,skyttorix@cbsnews.com,Male,59.239.201.108
683,Any,Larder,alarderiy@youtube.com,Male,56.96.128.6
684,Kathryn,Maciejewski,kmaciejewskiiz@sina.com.cn,Female,51.224.132.24
685,Packston,Elwyn,pelwynj0@cnn.com,Male,154.88.115.91
686,Celle,Fasham,cfashamj1@microsoft.com,Female,167.34.158.65
687,Trstram,Novkovic,tnovkovicj2@friendfeed.com,Male,123.153.24.29
688,Matteo,Lorryman,mlorrymanj3@loc.gov,Male,57.176.224.147
689,Patric,Scolli,pscollij4@wordpress.org,Male,161.91.212.249
690,Milka,Pachta,mpachtaj5@fastcompany.com,Female,179.186.244.24
691,Quinlan,Witherspoon,qwitherspoonj6@homestead.com,Male,4.89.10.205
692,Millard,Ebbitt,mebbittj7@ucla.edu,Male,161.254.162.252
693,Sharai,Aizik,saizikj8@businesswire.com,Female,235.154.65.26
694,Lynnea,Machel,lmachelj9@geocities.jp,Female,171.42.79.7
695,Zilvia,Kemmet,zkemmetja@mysql.com,Female,106.180.9.75
696,Elysee,Gadney,egadneyjb@mozilla.org,Female,96.42.68.135
697,Blanche,Clarke-Williams,bclarkewilliamsjc@unicef.org,Female,56.141.176.226
698,Tandy,Erie,teriejd@tinypic.com,Female,139.53.169.66
699,Tamma,Friedenbach,tfriedenbachje@ucla.edu,Female,59.187.188.47
700,Wilfrid,Guyton,wguytonjf@mashable.com,Male,250.203.227.236
701,Idaline,Golden of Ireland,igoldenofirelandjg@shareasale.com,Female,5.143.56.90
702,Bekki,Harefoot,bharefootjh@mediafire.com,Female,203.196.175.41
703,Karalee,La Vigne,klavigneji@shareasale.com,Female,226.131.34.96
704,Ellary,Scimoni,escimonijj@flavors.me,Male,198.31.188.113
705,Mario,Broadfield,mbroadfieldjk@drupal.org,Male,135.249.122.158
706,Chance,Gelsthorpe,cgelsthorpejl@time.com,Male,57.126.78.139
707,Gabbie,Messham,gmesshamjm@newsvine.com,Male,232.156.13.189
708,Tandi,Teece,tteecejn@youku.com,Female,42.237.147.19
709,Wini,Fearne,wfearnejo@tamu.edu,Female,6.109.226.253
710,Kristien,Megarrell,kmegarrelljp@ocn.ne.jp,Female,112.116.119.97
711,Noe,Cottam,ncottamjq@accuweather.com,Male,159.147.184.44
712,Perry,Trickey,ptrickeyjr@mashable.com,Female,88.214.103.39
713,Micah,Wroughton,mwroughtonjs@theatlantic.com,Male,58.54.250.14
714,Bernelle,Foxcroft,bfoxcroftjt@cnbc.com,Female,36.87.131.131
715,Orelle,Siege,osiegeju@paypal.com,Female,231.13.199.191
716,Dorie,Fratson,dfratsonjv@bravesites.com,Female,178.222.164.124
717,Erastus,Hrachovec,ehrachovecjw@columbia.edu,Male,93.62.250.10
718,Krishna,Bisp,kbispjx@canalblog.com,Male,16.41.138.63
719,Georgy,Danovich,gdanovichjy@nih.gov,Male,20.78.240.242
720,Katharina,Ault,kaultjz@macromedia.com,Female,75.37.164.12
721,Norris,Kimmince,nkimmincek0@naver.com,Male,50.154.18.87
722,Matt,Morfell,mmorfellk1@businesswire.com,Male,186.71.40.145
723,Fergus,Hobbing,fhobbingk2@paginegialle.it,Male,146.225.115.81
724,Arturo,Brinkler,abrinklerk3@nih.gov,Male,133.36.85.110
725,Ker,Schankel,kschankelk4@xing.com,Male,132.0.9.168
726,Janetta,Melvin,jmelvink5@geocities.com,Female,63.219.201.117
727,Purcell,Bagnold,pbagnoldk6@alexa.com,Male,155.253.230.52
728,Thorin,Oldis,toldisk7@wiley.com,Male,58.126.136.185
729,Arlene,Mathevon,amathevonk8@unesco.org,Female,249.165.36.83
730,Loutitia,Barmby,lbarmbyk9@ucla.edu,Female,2.109.108.200
731,Jerrome,Cornock,jcornockka@yandex.ru,Male,35.90.184.32
732,Krysta,Greeson,kgreesonkb@statcounter.com,Female,60.46.239.221
733,Pincas,Forster,pforsterkc@networksolutions.com,Male,238.176.177.136
734,Martita,Merit,mmeritkd@ibm.com,Female,195.218.240.229
735,Trista,Briggs,tbriggske@ebay.co.uk,Female,205.155.114.103
736,Boony,Lecointe,blecointekf@gnu.org,Male,91.65.171.120
737,Cam,Vaudre,cvaudrekg@nytimes.com,Male,15.2.130.127
738,Krissy,Nickols,knickolskh@domainmarket.com,Female,209.38.101.155
739,Christian,Collop,ccollopki@networkadvertising.org,Female,241.189.203.43
740,Aida,Ferro,aferrokj@foxnews.com,Female,241.151.4.171
741,Nolly,Tait,ntaitkk@friendfeed.com,Male,131.205.162.216
742,Mattias,Rankling,mranklingkl@telegraph.co.uk,Male,82.137.81.78
743,Annabal,Greene,agreenekm@tinyurl.com,Female,54.250.194.228
744,Nestor,Gorce,ngorcekn@amazon.co.uk,Male,164.172.98.224
745,Iggie,De la Barre,idelabarreko@odnoklassniki.ru,Male,33.46.93.195
746,Rorke,Ansell,ransellkp@devhub.com,Male,34.198.100.181
747,Alidia,Ducham,aduchamkq@techcrunch.com,Female,32.96.187.187
748,Franchot,Casey,fcaseykr@npr.org,Male,99.165.92.210
749,Johnette,Arnaudet,jarnaudetks@exblog.jp,Female,245.128.147.48
750,Babs,Blazej,bblazejkt@whitehouse.gov,Female,32.226.28.198
751,Pincus,Vescovo,pvescovoku@ted.com,Male,57.31.58.67
752,Cymbre,Grimwade,cgrimwadekv@dyndns.org,Female,10.115.248.25
753,Ogdan,Boullen,oboullenkw@slashdot.org,Male,112.13.174.138
754,Corbin,Mercer,cmercerkx@auda.org.au,Male,173.128.135.47
755,Frederique,Bourke,fbourkeky@aol.com,Female,123.146.225.137
756,Juli,Iceton,jicetonkz@mit.edu,Female,254.176.43.91
757,Gustie,Cayford,gcayfordl0@icio.us,Female,45.200.218.150
758,Mikel,Holme,mholmel1@reddit.com,Male,17.172.190.140
759,Ingrid,Ouslem,iousleml2@nba.com,Female,37.5.250.53
760,Sydney,Lauchlan,slauchlanl3@mtv.com,Male,91.157.57.138
761,Coleman,Bedbury,cbedburyl4@apple.com,Male,46.182.244.246
762,Margot,Sciusscietto,msciussciettol5@wiley.com,Female,162.227.79.53
763,Elane,McClunaghan,emcclunaghanl6@constantcontact.com,Female,107.239.183.152
764,Nanice,Casper,ncasperl7@washington.edu,Female,9.179.242.85
765,Bonny,Winley,bwinleyl8@i2i.jp,Female,236.149.46.244
766,Benedikt,Arsnell,barsnelll9@miibeian.gov.cn,Male,110.219.142.168
767,Chadwick,Heavens,cheavensla@cornell.edu,Male,1.68.237.143
768,Abram,Hearfield,ahearfieldlb@mit.edu,Male,165.109.99.67
769,Asher,Lemme,alemmelc@samsung.com,Male,35.216.98.210
770,Erek,Capstack,ecapstackld@canalblog.com,Male,142.133.77.252
771,Mikaela,Schusterl,mschusterlle@qq.com,Female,125.172.96.157
772,Randa,Philippon,rphilipponlf@ihg.com,Female,47.136.2.179
773,Locke,Saywood,lsaywoodlg@mapy.cz,Male,40.114.126.165
774,Donelle,Ratazzi,dratazzilh@typepad.com,Female,114.253.180.5
775,Victoir,Osgood,vosgoodli@census.gov,Male,113.201.178.120
776,Bern,Levay,blevaylj@imdb.com,Male,19.159.67.135
777,Ivie,Gooden,igoodenlk@github.com,Female,62.60.238.221
778,Vidovik,Jurca,vjurcall@bbb.org,Male,27.220.127.200
779,Allegra,Judron,ajudronlm@weather.com,Female,121.79.160.156
780,Orel,Northedge,onorthedgeln@ustream.tv,Female,153.179.85.253
781,Malinde,Coltart,mcoltartlo@wikispaces.com,Female,129.249.34.223
782,Florrie,Kohring,fkohringlp@tripadvisor.com,Female,7.214.100.110
783,Tracey,Weathey,tweatheylq@webnode.com,Male,37.253.41.179
784,Niall,Gibb,ngibblr@go.com,Male,44.92.86.207
785,Dorette,Henaughan,dhenaughanls@google.pl,Female,115.70.200.160
786,Godwin,Braizier,gbraizierlt@weather.com,Male,118.26.13.66
787,Layla,Youngs,lyoungslu@devhub.com,Female,5.219.110.65
788,Aprilette,Kindley,akindleylv@livejournal.com,Female,93.167.25.87
789,Stephie,Blessed,sblessedlw@newyorker.com,Female,174.102.149.45
790,Lamond,Buse,lbuselx@narod.ru,Male,126.216.195.18
791,Daffy,Rabidge,drabidgely@goo.ne.jp,Female,190.192.200.177
792,Debi,Foskett,dfoskettlz@kickstarter.com,Female,253.47.146.139
793,Riannon,Katte,rkattem0@mayoclinic.com,Female,186.161.162.252
794,Alidia,Hanster,ahansterm1@adobe.com,Female,206.57.140.135
795,Kaleena,Smitherman,ksmithermanm2@e-recht24.de,Female,156.140.225.194
796,Davon,McNally,dmcnallym3@nytimes.com,Male,250.16.203.233
797,Mitzi,Marcos,mmarcosm4@adobe.com,Female,37.83.113.77
798,Ursala,Warlawe,uwarlawem5@army.mil,Female,253.125.34.172
799,Anna,Le Barr,alebarrm6@etsy.com,Female,79.86.134.232
800,Townsend,Tregidga,ttregidgam7@merriam-webster.com,Male,20.222.177.51
801,Fleurette,Hobson,fhobsonm8@netlog.com,Female,169.59.201.150
802,Dredi,Pleasance,dpleasancem9@va.gov,Female,180.136.146.7
803,Fay,Follett,ffollettma@imgur.com,Female,62.192.49.120
804,Zachary,Goldwater,zgoldwatermb@google.co.uk,Male,122.139.139.29
805,Olga,Giannassi,ogiannassimc@bloglines.com,Female,207.227.90.238
806,Erin,Raleston,eralestonmd@cbc.ca,Female,23.74.210.44
807,Sibyl,Stanning,sstanningme@desdev.cn,Male,68.17.71.46
808,Cleveland,Cundey,ccundeymf@dailymotion.com,Male,59.95.152.20
809,Freddie,Feeny,ffeenymg@wp.com,Female,208.142.235.104
810,Jodi,Kayes,jkayesmh@nasa.gov,Female,16.56.73.26
811,Travis,Lowrie,tlowriemi@php.net,Male,71.139.65.205
812,Jacquetta,Vasilyonok,jvasilyonokmj@cafepress.com,Female,69.252.202.211
813,Rebeka,Bellison,rbellisonmk@elegantthemes.com,Female,172.138.73.64
814,Lou,Ogilvy,logilvyml@house.gov,Female,77.105.43.166
815,Renaud,Lowings,rlowingsmm@tamu.edu,Male,173.107.187.250
816,Alain,Kunisch,akunischmn@parallels.com,Male,169.236.200.29
817,Fannie,Osmon,fosmonmo@china.com.cn,Female,5.220.180.181
818,Andreas,Coller,acollermp@symantec.com,Male,141.29.252.109
819,Jewelle,Shorie,jshoriemq@hostgator.com,Female,69.61.12.223
820,Yorgo,Asbury,yasburymr@godaddy.com,Male,25.206.148.18
821,Tallia,Money,tmoneyms@csmonitor.com,Female,114.41.150.184
822,Kathleen,Alessandrucci,kalessandruccimt@netscape.com,Female,10.66.98.155
823,Pedro,Block,pblockmu@vimeo.com,Male,254.205.169.137
824,Dulcea,Gewer,dgewermv@fastcompany.com,Female,69.3.251.129
825,Marcile,Timblett,mtimblettmw@gnu.org,Female,33.91.10.89
826,Mead,Drexel,mdrexelmx@purevolume.com,Male,167.119.138.123
827,Quintilla,McCrostie,qmccrostiemy@timesonline.co.uk,Female,189.72.128.79
828,Craggie,Pavelka,cpavelkamz@ameblo.jp,Male,171.107.152.44
829,Eula,Muddimer,emuddimern0@usnews.com,Female,245.124.68.44
830,Elaina,Cunningham,ecunninghamn1@nydailynews.com,Female,217.242.221.77
831,Derrik,Ellis,dellisn2@scribd.com,Male,97.122.133.207
832,Paola,Meeny,pmeenyn3@google.co.jp,Female,249.86.124.185
833,Modesty,Rock,mrockn4@nhs.uk,Female,172.58.140.112
834,Nissie,Dainter,ndaintern5@tripadvisor.com,Female,103.46.251.210
835,Mallory,Kelemen,mkelemenn6@yahoo.com,Male,69.151.243.239
836,Meara,Giovannacci,mgiovannaccin7@yale.edu,Female,155.48.124.2
837,Ben,Libbe,blibben8@technorati.com,Male,107.81.186.1
838,Damien,Castro,dcastron9@ucsd.edu,Male,173.15.92.226
839,Evan,Stroud,estroudna@mtv.com,Male,124.54.49.222
840,Mathe,McCreary,mmccrearynb@nbcnews.com,Male,154.38.214.79
841,Nathaniel,Dewsbury,ndewsburync@sun.com,Male,177.155.8.192
842,Elias,De Benedetti,edebenedettind@1und1.de,Male,71.148.244.252
843,Jervis,Laroux,jlarouxne@ask.com,Male,209.166.176.101
844,Goraud,Locarno,glocarnonf@digg.com,Male,103.183.132.138
845,Benoite,Naden,bnadenng@themeforest.net,Female,2.252.119.20
846,Viviene,Baudesson,vbaudessonnh@biblegateway.com,Female,72.17.46.198
847,Gill,Estabrook,gestabrookni@google.it,Female,135.81.100.54
848,Madelyn,Connealy,mconnealynj@sun.com,Female,168.142.114.149
849,Meaghan,Matton,mmattonnk@loc.gov,Female,74.248.148.141
850,Dian,Mattisson,dmattissonnl@cmu.edu,Female,124.33.86.156
851,Deeyn,Szymanowicz,dszymanowicznm@wsj.com,Female,142.79.203.103
852,Barrett,Cleugh,bcleughnn@usa.gov,Male,197.225.251.115
853,Ragnar,Priestland,rpriestlandno@yandex.ru,Male,217.193.254.217
854,Vic,Connick,vconnicknp@cmu.edu,Male,48.226.146.72
855,Ramonda,Baudone,rbaudonenq@github.io,Female,68.250.103.21
856,Petey,Klaas,pklaasnr@tuttocitta.it,Male,235.156.176.68
857,Annmaria,Seear,aseearns@craigslist.org,Female,150.246.100.129
858,Lindsy,Teaze,lteazent@google.com.hk,Female,137.207.116.249
859,Keelby,Crosdill,kcrosdillnu@youtube.com,Male,141.69.238.195
860,Nana,Youngman,nyoungmannv@huffingtonpost.com,Female,162.107.110.75
861,Genevra,Walthew,gwalthewnw@nhs.uk,Female,48.117.172.76
862,Jannel,Bellringer,jbellringernx@google.es,Female,219.96.72.131
863,Jessa,Collingwood,jcollingwoodny@123-reg.co.uk,Female,69.121.65.163
864,Stacee,Rampling,sramplingnz@simplemachines.org,Female,246.125.187.88
865,Zak,Strathern,zstratherno0@ft.com,Male,83.184.188.245
866,Althea,Shannahan,ashannahano1@altervista.org,Female,18.170.94.255
867,Britt,Mc Pake,bmcpakeo2@theguardian.com,Female,100.16.152.176
868,Kimmi,Farry,kfarryo3@wired.com,Female,37.33.178.186
869,Pauly,D'Orsay,pdorsayo4@newyorker.com,Female,99.212.228.76
870,Hadleigh,Dagleas,hdagleaso5@smh.com.au,Male,204.155.38.154
871,Melloney,Cazalet,mcazaleto6@list-manage.com,Female,151.244.221.126
872,Ky,Scriven,kscriveno7@slashdot.org,Male,123.92.74.206
873,Ingrid,Lankester,ilankestero8@skyrock.com,Female,218.25.228.215
874,Latashia,Heys,lheyso9@woothemes.com,Female,25.175.113.25
875,Vinny,Bricksey,vbrickseyoa@psu.edu,Male,254.111.142.139
876,Virgilio,Meert,vmeertob@yale.edu,Male,251.85.129.89
877,Andrus,Whittlesea,awhittleseaoc@berkeley.edu,Male,154.26.128.216
878,Monika,Skett,mskettod@guardian.co.uk,Female,155.18.3.140
879,Damara,Doumer,ddoumeroe@mail.ru,Female,156.7.31.239
880,Curtis,Brum,cbrumof@wunderground.com,Male,102.104.92.139
881,Lyssa,Ripon,lriponog@naver.com,Female,11.234.146.117
882,Webb,Feare,wfeareoh@bbb.org,Male,73.17.188.239
883,Morley,Pilley,mpilleyoi@sfgate.com,Male,64.111.97.235
884,Christoforo,Lomen,clomenoj@github.com,Male,174.27.80.71
885,Heidi,Napolitano,hnapolitanook@last.fm,Female,133.215.32.107
886,Elvera,Noteyoung,enoteyoungol@biblegateway.com,Female,191.186.4.144
887,Kendell,Gutridge,kgutridgeom@sbwire.com,Male,35.112.227.198
888,Wynne,Scarrott,wscarrotton@surveymonkey.com,Female,74.22.128.254
889,Terrie,Proudman,tproudmanoo@jimdo.com,Female,17.3.162.184
890,Aloin,MacCrann,amaccrannop@ca.gov,Male,71.138.30.33
891,Ulrikaumeko,Soan,usoanoq@usgs.gov,Female,91.220.94.192
892,Erin,Abrams,eabramsor@boston.com,Male,49.61.122.142
893,Barbe,Brislane,bbrislaneos@shutterfly.com,Female,39.252.40.170
894,Curtis,Milam,cmilamot@umich.edu,Male,98.101.59.240
895,Tamas,Romaine,tromaineou@unc.edu,Male,1.218.75.184
896,Alia,Pennycuick,apennycuickov@go.com,Female,148.132.25.141
897,Magdalen,Scane,mscaneow@yahoo.co.jp,Female,188.143.234.162
898,Susanetta,Josefowicz,sjosefowiczox@macromedia.com,Female,77.168.19.102
899,Jeniece,Kilsby,jkilsbyoy@umich.edu,Female,254.196.8.136
900,Ranee,Silwood,rsilwoodoz@comsenz.com,Female,93.143.125.9
901,Damaris,Hitzke,dhitzkep0@dell.com,Female,51.197.94.169
902,Ben,Geibel,bgeibelp1@yahoo.com,Male,45.98.145.152
903,Alvy,Fealey,afealeyp2@tuttocitta.it,Male,143.197.90.128
904,Saidee,Almey,salmeyp3@xing.com,Female,153.134.115.69
905,Edlin,Shiers,eshiersp4@paginegialle.it,Male,167.40.158.198
906,Jennifer,Jeannin,jjeanninp5@columbia.edu,Female,20.60.160.215
907,Warner,Mockett,wmockettp6@mlb.com,Male,127.122.5.222
908,Sabrina,Slyvester,sslyvesterp7@tinypic.com,Female,107.114.240.59
909,Farlee,Hartegan,fharteganp8@google.com.hk,Male,104.46.156.4
910,Michail,Kilbride,mkilbridep9@imdb.com,Male,205.243.228.220
911,Raul,Ballendine,rballendinepa@youtu.be,Male,192.164.107.42
912,Xenia,Slowly,xslowlypb@multiply.com,Female,194.192.75.223
913,Reyna,Palatini,rpalatinipc@cafepress.com,Female,166.122.150.101
914,Orran,Goodlife,ogoodlifepd@accuweather.com,Male,155.16.255.73
915,Clare,Bartosek,cbartosekpe@acquirethisname.com,Male,109.66.30.155
916,Mehetabel,Epsly,mepslypf@nifty.com,Female,215.34.166.233
917,Rickey,Whatford,rwhatfordpg@github.com,Male,203.230.237.152
918,Gerrard,Tynnan,gtynnanph@eepurl.com,Male,89.213.251.142
919,Lida,Kenningham,lkenninghampi@tamu.edu,Female,216.135.127.205
920,Cordelia,Duhig,cduhigpj@bloglovin.com,Female,32.40.240.82
921,Terrye,Spada,tspadapk@wsj.com,Female,119.240.68.117
922,Clio,McRorie,cmcroriepl@nytimes.com,Female,152.251.32.126
923,Blondell,Waumsley,bwaumsleypm@squidoo.com,Female,7.201.81.126
924,Wyndham,Moring,wmoringpn@opera.com,Male,19.0.62.91
925,Mabelle,McFadzean,mmcfadzeanpo@google.ca,Female,215.59.251.158
926,Minny,Skouling,mskoulingpp@slate.com,Female,204.77.34.153
927,Ruddy,Henzley,rhenzleypq@github.com,Male,70.249.121.144
928,Aigneis,Waller-Bridge,awallerbridgepr@slate.com,Female,182.118.64.141
929,Annora,Fysh,afyshps@salon.com,Female,96.200.211.119
930,Weider,Wibrow,wwibrowpt@cargocollective.com,Male,83.61.76.61
931,Lucita,Keiley,lkeileypu@pagesperso-orange.fr,Female,132.237.185.171
932,Lincoln,McCleary,lmcclearypv@techcrunch.com,Male,245.42.202.21
933,Dacey,Ianiello,dianiellopw@lulu.com,Female,45.191.221.122
934,Chip,Leggon,cleggonpx@wikia.com,Male,210.22.102.132
935,Trumaine,Maffy,tmaffypy@jigsy.com,Male,63.221.10.137
936,Calla,Turney,cturneypz@wikipedia.org,Female,185.185.25.78
937,Alvy,Gillingwater,agillingwaterq0@ca.gov,Male,150.109.86.33
938,Renaldo,Edmonstone,redmonstoneq1@slate.com,Male,12.63.178.56
939,Cordy,Alenichev,calenichevq2@sitemeter.com,Female,182.206.199.208
940,Ethelred,Pitchford,epitchfordq3@tumblr.com,Male,87.4.30.79
941,Batsheva,Rustedge,brustedgeq4@de.vu,Female,78.144.242.241
942,Aloisia,Barnbrook,abarnbrookq5@cbc.ca,Female,22.124.139.1
943,Marketa,Julyan,mjulyanq6@technorati.com,Female,31.249.253.104
944,Carlye,Kincade,ckincadeq7@tripod.com,Female,218.117.127.94
945,Joann,Loder,jloderq8@netscape.com,Female,110.26.188.233
946,Shandie,Drieu,sdrieuq9@spiegel.de,Female,184.177.123.126
947,Margeaux,Goodfellow,mgoodfellowqa@telegraph.co.uk,Female,166.36.145.53
948,Sutherlan,Syrett,ssyrettqb@github.io,Male,64.100.222.92
949,Vic,Huonic,vhuonicqc@epa.gov,Male,99.254.100.9
950,Gibb,Rolfe,grolfeqd@google.de,Male,33.137.156.196
951,Avrit,Seabert,aseabertqe@house.gov,Female,139.236.0.141
952,Cherrita,O'Dowling,codowlingqf@liveinternet.ru,Female,80.100.5.70
953,Fee,Butland,fbutlandqg@dion.ne.jp,Male,142.74.18.80
954,Blair,Hurdwell,bhurdwellqh@senate.gov,Female,13.129.242.17
955,Bradan,Ivanin,bivaninqi@nyu.edu,Male,224.34.196.240
956,Hildegaard,Cheel,hcheelqj@cyberchimps.com,Female,249.41.248.25
957,Myrtia,Gomery,mgomeryqk@twitter.com,Female,189.27.158.42
958,Chilton,Feldheim,cfeldheimql@csmonitor.com,Male,25.215.72.122
959,Dalton,Joyson,djoysonqm@purevolume.com,Male,94.210.3.248
960,Isadora,Brawn,ibrawnqn@netscape.com,Female,4.240.132.249
961,Dougie,Fairest,dfairestqo@washington.edu,Male,110.247.40.24
962,Misha,Sholl,mshollqp@bravesites.com,Female,48.76.48.83
963,Nils,Skeemer,nskeemerqq@latimes.com,Male,23.254.223.183
964,Kerstin,Bainbridge,kbainbridgeqr@wikispaces.com,Female,195.82.39.92
965,Ginevra,Clemmitt,gclemmittqs@scribd.com,Female,239.248.117.198
966,Clark,Klimontovich,cklimontovichqt@google.es,Male,6.108.231.145
967,Mic,Gainforth,mgainforthqu@house.gov,Male,36.232.51.241
968,Adelice,Putland,aputlandqv@weebly.com,Female,219.235.60.251
969,Kippie,Attac,kattacqw@csmonitor.com,Female,230.237.247.245
970,Cordi,Toynbee,ctoynbeeqx@house.gov,Female,147.107.39.121
971,Francyne,Blackbourn,fblackbournqy@dailymail.co.uk,Female,77.37.31.19
972,Ermengarde,Klesel,ekleselqz@dion.ne.jp,Female,164.111.4.148
973,Tiebout,Serjeantson,tserjeantsonr0@japanpost.jp,Male,167.198.244.105
974,Lauree,Lerven,llervenr1@uol.com.br,Female,229.77.214.92
975,Paulina,Knightsbridge,pknightsbridger2@prlog.org,Female,1.248.199.247
976,Juliette,Maps,jmapsr3@flavors.me,Female,94.94.197.11
977,Bancroft,Stihl,bstihlr4@reddit.com,Male,87.71.112.74
978,Gay,Piet,gpietr5@utexas.edu,Male,186.108.133.51
979,Euell,Harverson,eharversonr6@gov.uk,Male,140.170.164.159
980,Magda,Norquoy,mnorquoyr7@forbes.com,Female,249.43.116.90
981,Allyce,Paraman,aparamanr8@webmd.com,Female,237.243.233.28
982,Melly,Londer,mlonderr9@disqus.com,Female,132.59.193.220
983,Mallissa,Dolphin,mdolphinra@acquirethisname.com,Female,254.154.132.122
984,Ash,Vatini,avatinirb@nymag.com,Male,70.240.28.135
985,Paten,Godson,pgodsonrc@ifeng.com,Male,47.41.75.80
986,Ruddie,Goodings,rgoodingsrd@scientificamerican.com,Male,81.27.169.251
987,Cybill,Riggoll,criggollre@privacy.gov.au,Female,210.220.190.2
988,Jordanna,Gauntley,jgauntleyrf@intel.com,Female,58.208.217.13
989,Morris,Bradden,mbraddenrg@skyrock.com,Male,68.159.70.242
990,Rube,Frane,rfranerh@free.fr,Male,28.171.208.123
991,Leelah,Garman,lgarmanri@mysql.com,Female,121.201.61.190
992,Katya,Josephoff,kjosephoffrj@usa.gov,Female,151.106.144.150
993,Adair,Pamplin,apamplinrk@rambler.ru,Male,239.202.111.195
994,Luciana,Tremmel,ltremmelrl@netscape.com,Female,116.219.131.32
995,Wilfrid,Blenkin,wblenkinrm@feedburner.com,Male,180.184.243.5
996,Harris,Grishmanov,hgrishmanovrn@dyndns.org,Male,9.10.255.152
997,Mada,Hirche,mhirchero@topsy.com,Female,39.109.111.174
998,Fulvia,Halden,fhaldenrp@cbsnews.com,Female,166.90.91.249
999,Ives,Woodcock,iwoodcockrq@gravatar.com,Male,125.114.67.171
1000,Betty,Lovstrom,blovstromrr@wp.com,Female,21.240.41.166
